-- Qore migration from Odoo
-- Idempotent: safe to re-run

BEGIN;

-- ── Campaigns (from hr_department) ──────────────────────────────────
INSERT INTO "Campaign" (id, name, active, "createdAt", "updatedAt") VALUES ('cd0044fe22b2c7fafd98a7e9', 'ACI', true, NOW(), NOW()) ON CONFLICT (id) DO UPDATE SET name = EXCLUDED.name, active = true;
INSERT INTO "Campaign" (id, name, active, "createdAt", "updatedAt") VALUES ('c852a2d6839b358eed81268a', 'Bayada', true, NOW(), NOW()) ON CONFLICT (id) DO UPDATE SET name = EXCLUDED.name, active = true;
INSERT INTO "Campaign" (id, name, active, "createdAt", "updatedAt") VALUES ('c852a2d6839b358eed81268a', 'Bayada', true, NOW(), NOW()) ON CONFLICT (id) DO UPDATE SET name = EXCLUDED.name, active = true;
INSERT INTO "Campaign" (id, name, active, "createdAt", "updatedAt") VALUES ('c034be94733415b40a0cbb97', 'Bayada COP', true, NOW(), NOW()) ON CONFLICT (id) DO UPDATE SET name = EXCLUDED.name, active = true;
INSERT INTO "Campaign" (id, name, active, "createdAt", "updatedAt") VALUES ('cbe7449860ea43103caf4942', 'Bayada Episode Detail', true, NOW(), NOW()) ON CONFLICT (id) DO UPDATE SET name = EXCLUDED.name, active = true;
INSERT INTO "Campaign" (id, name, active, "createdAt", "updatedAt") VALUES ('cb0961ab1552a2bcfc88c129', 'Bayada F2F', true, NOW(), NOW()) ON CONFLICT (id) DO UPDATE SET name = EXCLUDED.name, active = true;
INSERT INTO "Campaign" (id, name, active, "createdAt", "updatedAt") VALUES ('c87a39614fb622f44b291fe2', 'Bayada FTF', true, NOW(), NOW()) ON CONFLICT (id) DO UPDATE SET name = EXCLUDED.name, active = true;
INSERT INTO "Campaign" (id, name, active, "createdAt", "updatedAt") VALUES ('cf9dd9353e219e4af76f6461', 'Bayada HHC', true, NOW(), NOW()) ON CONFLICT (id) DO UPDATE SET name = EXCLUDED.name, active = true;
INSERT INTO "Campaign" (id, name, active, "createdAt", "updatedAt") VALUES ('c4e1b5019a61319d53c7d6dc', 'Bayada HR', true, NOW(), NOW()) ON CONFLICT (id) DO UPDATE SET name = EXCLUDED.name, active = true;
INSERT INTO "Campaign" (id, name, active, "createdAt", "updatedAt") VALUES ('c083431c1078c2949726fbd0', 'Bayada PC', true, NOW(), NOW()) ON CONFLICT (id) DO UPDATE SET name = EXCLUDED.name, active = true;
INSERT INTO "Campaign" (id, name, active, "createdAt", "updatedAt") VALUES ('cca55bb1678d982a3f1b7458', 'Bayada POCS', true, NOW(), NOW()) ON CONFLICT (id) DO UPDATE SET name = EXCLUDED.name, active = true;
INSERT INTO "Campaign" (id, name, active, "createdAt", "updatedAt") VALUES ('c777e8baf5091dabe937c9bf', 'Bayada POCS-CPC', true, NOW(), NOW()) ON CONFLICT (id) DO UPDATE SET name = EXCLUDED.name, active = true;
INSERT INTO "Campaign" (id, name, active, "createdAt", "updatedAt") VALUES ('c08adb9efa19f99922591ac1', 'Bayada POCS-GW Orders', true, NOW(), NOW()) ON CONFLICT (id) DO UPDATE SET name = EXCLUDED.name, active = true;
INSERT INTO "Campaign" (id, name, active, "createdAt", "updatedAt") VALUES ('cd2c366d694f8385bf411177', 'Bayada Referrals', true, NOW(), NOW()) ON CONFLICT (id) DO UPDATE SET name = EXCLUDED.name, active = true;
INSERT INTO "Campaign" (id, name, active, "createdAt", "updatedAt") VALUES ('c456112511c8fbfe587f20d2', 'Century Medical', true, NOW(), NOW()) ON CONFLICT (id) DO UPDATE SET name = EXCLUDED.name, active = true;
INSERT INTO "Campaign" (id, name, active, "createdAt", "updatedAt") VALUES ('c35463777450b559db35de72', 'Client Acquisition', true, NOW(), NOW()) ON CONFLICT (id) DO UPDATE SET name = EXCLUDED.name, active = true;
INSERT INTO "Campaign" (id, name, active, "createdAt", "updatedAt") VALUES ('c6fbd410907fc4cf0823e7ad', 'Executive', true, NOW(), NOW()) ON CONFLICT (id) DO UPDATE SET name = EXCLUDED.name, active = true;
INSERT INTO "Campaign" (id, name, active, "createdAt", "updatedAt") VALUES ('c73b89ba8c89ab4ea7814bef', 'Executive / Human Resources / Trainig', true, NOW(), NOW()) ON CONFLICT (id) DO UPDATE SET name = EXCLUDED.name, active = true;
INSERT INTO "Campaign" (id, name, active, "createdAt", "updatedAt") VALUES ('c2c2fb3d3c8fe11c2d1b6c25', 'Executive / Operations / Bayada PC', true, NOW(), NOW()) ON CONFLICT (id) DO UPDATE SET name = EXCLUDED.name, active = true;
INSERT INTO "Campaign" (id, name, active, "createdAt", "updatedAt") VALUES ('c12b734ee2fe2ef610dbc8dc', 'Executive / Operations / Bayada/Refferals', true, NOW(), NOW()) ON CONFLICT (id) DO UPDATE SET name = EXCLUDED.name, active = true;
INSERT INTO "Campaign" (id, name, active, "createdAt", "updatedAt") VALUES ('ce731dc778845d6ebd40793b', 'Executive / Operations /Tecma', true, NOW(), NOW()) ON CONFLICT (id) DO UPDATE SET name = EXCLUDED.name, active = true;
INSERT INTO "Campaign" (id, name, active, "createdAt", "updatedAt") VALUES ('c2527363c5147f5e118c1993', 'HAPUSA', true, NOW(), NOW()) ON CONFLICT (id) DO UPDATE SET name = EXCLUDED.name, active = true;
INSERT INTO "Campaign" (id, name, active, "createdAt", "updatedAt") VALUES ('c9d6e5bb2272dad5bbc80600', 'NuOrder', true, NOW(), NOW()) ON CONFLICT (id) DO UPDATE SET name = EXCLUDED.name, active = true;
INSERT INTO "Campaign" (id, name, active, "createdAt", "updatedAt") VALUES ('cf6b31bf3dab60eea29474ae', 'Online Divorce CS', true, NOW(), NOW()) ON CONFLICT (id) DO UPDATE SET name = EXCLUDED.name, active = true;
INSERT INTO "Campaign" (id, name, active, "createdAt", "updatedAt") VALUES ('c43368eb903c3b6b14071a42', 'Online Divorce Sales', true, NOW(), NOW()) ON CONFLICT (id) DO UPDATE SET name = EXCLUDED.name, active = true;
INSERT INTO "Campaign" (id, name, active, "createdAt", "updatedAt") VALUES ('c8d09c4d06897ae9e82cafc9', 'Payoneer', true, NOW(), NOW()) ON CONFLICT (id) DO UPDATE SET name = EXCLUDED.name, active = true;
INSERT INTO "Campaign" (id, name, active, "createdAt", "updatedAt") VALUES ('c48f06ed3f4f4d8238a5fbba', 'Runzy', true, NOW(), NOW()) ON CONFLICT (id) DO UPDATE SET name = EXCLUDED.name, active = true;
INSERT INTO "Campaign" (id, name, active, "createdAt", "updatedAt") VALUES ('c7e3b3d0843de540f19d2510', 'Study Fetch', true, NOW(), NOW()) ON CONFLICT (id) DO UPDATE SET name = EXCLUDED.name, active = true;
INSERT INTO "Campaign" (id, name, active, "createdAt", "updatedAt") VALUES ('ccf63c96b6b87125ecb24a34', 'Tecma Aries', true, NOW(), NOW()) ON CONFLICT (id) DO UPDATE SET name = EXCLUDED.name, active = true;

-- ── Users (ADMIN + QA login accounts) ──────────────────────────────────
INSERT INTO "User" (id, email, name, password, role, active, "createdAt", "updatedAt") VALUES ('c2cec9aadf6984860bb7b13e', 'ivalowe@tnoutsourcing.com', 'Ivana Amelinda Lowe', '$2b$12$XjC7bGs/kj1kkZQj9RC46OlE1.NJeQuCGG73yUyf6YmhyzNDyEpqq', 'ADMIN'::"Role", true, NOW(), NOW()) ON CONFLICT (email) DO UPDATE SET name = EXCLUDED.name, role = EXCLUDED.role, active = true;
INSERT INTO "User" (id, email, name, password, role, active, "createdAt", "updatedAt") VALUES ('cace75eac30594a5ea741780', 'jtaveras@tnoutsourcing.com', 'Johan Abel Taveras', '$2b$12$XjC7bGs/kj1kkZQj9RC46OlE1.NJeQuCGG73yUyf6YmhyzNDyEpqq', 'ADMIN'::"Role", true, NOW(), NOW()) ON CONFLICT (email) DO UPDATE SET name = EXCLUDED.name, role = EXCLUDED.role, active = true;
INSERT INTO "User" (id, email, name, password, role, active, "createdAt", "updatedAt") VALUES ('c190007d29efa4a61a201a97', 'mbertozzo@tnoutsourcing.com', 'Marcos Bertozzo', '$2b$12$XjC7bGs/kj1kkZQj9RC46OlE1.NJeQuCGG73yUyf6YmhyzNDyEpqq', 'ADMIN'::"Role", true, NOW(), NOW()) ON CONFLICT (email) DO UPDATE SET name = EXCLUDED.name, role = EXCLUDED.role, active = true;
INSERT INTO "User" (id, email, name, password, role, active, "createdAt", "updatedAt") VALUES ('c8064e3ec1a2a49e4a496870', 'omunoz@tnoutsourcing.com', 'Orly Rafael Muñoz Hernández', '$2b$12$XjC7bGs/kj1kkZQj9RC46OlE1.NJeQuCGG73yUyf6YmhyzNDyEpqq', 'ADMIN'::"Role", true, NOW(), NOW()) ON CONFLICT (email) DO UPDATE SET name = EXCLUDED.name, role = EXCLUDED.role, active = true;
INSERT INTO "User" (id, email, name, password, role, active, "createdAt", "updatedAt") VALUES ('c78d47b3ca9d8493e9c9092f', 'aperalta@tnoutsourcing.com', 'Adrian David Peralta Hernandez', '$2b$12$XjC7bGs/kj1kkZQj9RC46OlE1.NJeQuCGG73yUyf6YmhyzNDyEpqq', 'QA'::"Role", true, NOW(), NOW()) ON CONFLICT (email) DO UPDATE SET name = EXCLUDED.name, role = EXCLUDED.role, active = true;
INSERT INTO "User" (id, email, name, password, role, active, "createdAt", "updatedAt") VALUES ('c1c3550c69fad4456bf0b4ea', 'amencia@tnoutsourcing.com', 'Alexandra Mencia Estevez', '$2b$12$XjC7bGs/kj1kkZQj9RC46OlE1.NJeQuCGG73yUyf6YmhyzNDyEpqq', 'QA'::"Role", true, NOW(), NOW()) ON CONFLICT (email) DO UPDATE SET name = EXCLUDED.name, role = EXCLUDED.role, active = true;
INSERT INTO "User" (id, email, name, password, role, active, "createdAt", "updatedAt") VALUES ('c10145c22eb8d450883a8d30', 'dsuriel@tnoutsourcing.com', 'Dalyn Jeremias Suriel Almonte', '$2b$12$XjC7bGs/kj1kkZQj9RC46OlE1.NJeQuCGG73yUyf6YmhyzNDyEpqq', 'QA'::"Role", true, NOW(), NOW()) ON CONFLICT (email) DO UPDATE SET name = EXCLUDED.name, role = EXCLUDED.role, active = true;
INSERT INTO "User" (id, email, name, password, role, active, "createdAt", "updatedAt") VALUES ('c2b07f57ef75647309e9b5d0', 'jurena@tnoutsourcing.com', 'Juan Alberto Ureña Pérez', '$2b$12$XjC7bGs/kj1kkZQj9RC46OlE1.NJeQuCGG73yUyf6YmhyzNDyEpqq', 'QA'::"Role", true, NOW(), NOW()) ON CONFLICT (email) DO UPDATE SET name = EXCLUDED.name, role = EXCLUDED.role, active = true;
INSERT INTO "User" (id, email, name, password, role, active, "createdAt", "updatedAt") VALUES ('c63641918b3d048309468887', 'llozano@tnoutsourcing.com', 'Loryan Lozano', '$2b$12$XjC7bGs/kj1kkZQj9RC46OlE1.NJeQuCGG73yUyf6YmhyzNDyEpqq', 'QA'::"Role", true, NOW(), NOW()) ON CONFLICT (email) DO UPDATE SET name = EXCLUDED.name, role = EXCLUDED.role, active = true;
INSERT INTO "User" (id, email, name, password, role, active, "createdAt", "updatedAt") VALUES ('cae7247b60e0346b78638a0d', 'mmichel@tnoutsourcing.com', 'Mery Dania Michel', '$2b$12$XjC7bGs/kj1kkZQj9RC46OlE1.NJeQuCGG73yUyf6YmhyzNDyEpqq', 'QA'::"Role", true, NOW(), NOW()) ON CONFLICT (email) DO UPDATE SET name = EXCLUDED.name, role = EXCLUDED.role, active = true;
INSERT INTO "User" (id, email, name, password, role, active, "createdAt", "updatedAt") VALUES ('c40bf2603a6014b6f8d53c3d', 'pacosta@tnoutsourcing.com', 'Patty Acosta', '$2b$12$XjC7bGs/kj1kkZQj9RC46OlE1.NJeQuCGG73yUyf6YmhyzNDyEpqq', 'QA'::"Role", true, NOW(), NOW()) ON CONFLICT (email) DO UPDATE SET name = EXCLUDED.name, role = EXCLUDED.role, active = true;
INSERT INTO "User" (id, email, name, password, role, active, "createdAt", "updatedAt") VALUES ('c3fe8fa279825465a876bb1b', 'ronaldi.rafael@tnoutsourcing.com', 'Ronaldi Rafael Fernández Lindor', '$2b$12$XjC7bGs/kj1kkZQj9RC46OlE1.NJeQuCGG73yUyf6YmhyzNDyEpqq', 'QA'::"Role", true, NOW(), NOW()) ON CONFLICT (email) DO UPDATE SET name = EXCLUDED.name, role = EXCLUDED.role, active = true;
INSERT INTO "User" (id, email, name, password, role, active, "createdAt", "updatedAt") VALUES ('c236569bfd39749eca834323', 'ssantos@tnoutsourcing.com', 'Sheila Michelles De Los Santos Santana', '$2b$12$XjC7bGs/kj1kkZQj9RC46OlE1.NJeQuCGG73yUyf6YmhyzNDyEpqq', 'QA'::"Role", true, NOW(), NOW()) ON CONFLICT (email) DO UPDATE SET name = EXCLUDED.name, role = EXCLUDED.role, active = true;
INSERT INTO "User" (id, email, name, password, role, active, "createdAt", "updatedAt") VALUES ('c02dc95eadc3e448c9d47651', 'srojas@tnoutsourcing.com', 'Starlyn Manuel Rojas', '$2b$12$XjC7bGs/kj1kkZQj9RC46OlE1.NJeQuCGG73yUyf6YmhyzNDyEpqq', 'QA'::"Role", true, NOW(), NOW()) ON CONFLICT (email) DO UPDATE SET name = EXCLUDED.name, role = EXCLUDED.role, active = true;
INSERT INTO "User" (id, email, name, password, role, active, "createdAt", "updatedAt") VALUES ('c7761bd1058fa4162be1cf0c', 'yrodriguez@tnoutsourcing.com', 'Yanet Mayrelys Rodriguez Rodriguez', '$2b$12$XjC7bGs/kj1kkZQj9RC46OlE1.NJeQuCGG73yUyf6YmhyzNDyEpqq', 'QA'::"Role", true, NOW(), NOW()) ON CONFLICT (email) DO UPDATE SET name = EXCLUDED.name, role = EXCLUDED.role, active = true;

-- ── UserCampaign (all QA/ADMIN users linked to every campaign) ─────────
INSERT INTO "UserCampaign" ("userId", "campaignId", "assignedAt") SELECT u.id, c.id, NOW() FROM "User" u CROSS JOIN "Campaign" c WHERE u.email IN ('ivalowe@tnoutsourcing.com', 'jtaveras@tnoutsourcing.com', 'mbertozzo@tnoutsourcing.com', 'omunoz@tnoutsourcing.com', 'aperalta@tnoutsourcing.com', 'amencia@tnoutsourcing.com', 'dsuriel@tnoutsourcing.com', 'jurena@tnoutsourcing.com', 'llozano@tnoutsourcing.com', 'mmichel@tnoutsourcing.com', 'pacosta@tnoutsourcing.com', 'ronaldi.rafael@tnoutsourcing.com', 'ssantos@tnoutsourcing.com', 'srojas@tnoutsourcing.com', 'yrodriguez@tnoutsourcing.com') ON CONFLICT ("userId", "campaignId") DO NOTHING;

-- ── Agents (from hr_employee) ───────────────────────────────────────────
INSERT INTO "Agent" (id, name, "agentCode", "campaignId", active, "createdAt") VALUES ('ca9a3c86111d24d88b726791', 'Abigail Alvarez Pichardo', '736', 'cb0961ab1552a2bcfc88c129', true, NOW()) ON CONFLICT ("agentCode", "campaignId") DO UPDATE SET name = EXCLUDED.name, active = true;
INSERT INTO "Agent" (id, name, "agentCode", "campaignId", active, "createdAt") VALUES ('c1308958f4cf843f7bd6de9b', 'Adan de Jesus Morales Sanchez', '3707', 'cd0044fe22b2c7fafd98a7e9', true, NOW()) ON CONFLICT ("agentCode", "campaignId") DO UPDATE SET name = EXCLUDED.name, active = true;
INSERT INTO "Agent" (id, name, "agentCode", "campaignId", active, "createdAt") VALUES ('c0c52498a61eb416db6ccecc', 'Aeleen Sosa Clemente', '740', 'cf6b31bf3dab60eea29474ae', true, NOW()) ON CONFLICT ("agentCode", "campaignId") DO UPDATE SET name = EXCLUDED.name, active = true;
INSERT INTO "Agent" (id, name, "agentCode", "campaignId", active, "createdAt") VALUES ('c3d5b6dbca1924fbf9c0d952', 'Agustin Llodra', '742', 'c8d09c4d06897ae9e82cafc9', true, NOW()) ON CONFLICT ("agentCode", "campaignId") DO UPDATE SET name = EXCLUDED.name, active = true;
INSERT INTO "Agent" (id, name, "agentCode", "campaignId", active, "createdAt") VALUES ('c7a4c42a412494eb091f7c55', 'Albanidia Emmanuel Martinez Taveras', '747', 'cbe7449860ea43103caf4942', true, NOW()) ON CONFLICT ("agentCode", "campaignId") DO UPDATE SET name = EXCLUDED.name, active = true;
INSERT INTO "Agent" (id, name, "agentCode", "campaignId", active, "createdAt") VALUES ('ccdb0640c32214a879f702ff', 'Alberto Batista Leonardo', '748', 'c456112511c8fbfe587f20d2', true, NOW()) ON CONFLICT ("agentCode", "campaignId") DO UPDATE SET name = EXCLUDED.name, active = true;
INSERT INTO "Agent" (id, name, "agentCode", "campaignId", active, "createdAt") VALUES ('c7a1fcbafec5e47d18b6dc25', 'Aleah Villar Tejada', '751', 'cf9dd9353e219e4af76f6461', true, NOW()) ON CONFLICT ("agentCode", "campaignId") DO UPDATE SET name = EXCLUDED.name, active = true;
INSERT INTO "Agent" (id, name, "agentCode", "campaignId", active, "createdAt") VALUES ('cc5c8a462b9b54d7bbcc0783', 'Alehandra Mejia Gomez', '752', 'cbe7449860ea43103caf4942', true, NOW()) ON CONFLICT ("agentCode", "campaignId") DO UPDATE SET name = EXCLUDED.name, active = true;
INSERT INTO "Agent" (id, name, "agentCode", "campaignId", active, "createdAt") VALUES ('c645dfb4cf5e34b1fa00fdcb', 'Ambar Virginia Sanchez Peña', '759', 'c456112511c8fbfe587f20d2', true, NOW()) ON CONFLICT ("agentCode", "campaignId") DO UPDATE SET name = EXCLUDED.name, active = true;
INSERT INTO "Agent" (id, name, "agentCode", "campaignId", active, "createdAt") VALUES ('c91bd551be7e248338e0f1ea', 'Ambiorix de Jesús Collado Rodríguez', '760', 'cca55bb1678d982a3f1b7458', true, NOW()) ON CONFLICT ("agentCode", "campaignId") DO UPDATE SET name = EXCLUDED.name, active = true;
INSERT INTO "Agent" (id, name, "agentCode", "campaignId", active, "createdAt") VALUES ('c6b5ca6f4673d4207a4a152e', 'Ana Gutierrez', '766', 'cb0961ab1552a2bcfc88c129', true, NOW()) ON CONFLICT ("agentCode", "campaignId") DO UPDATE SET name = EXCLUDED.name, active = true;
INSERT INTO "Agent" (id, name, "agentCode", "campaignId", active, "createdAt") VALUES ('c552abfff3e5642b7a10df4c', 'Ana Maria Roque Guardado', '1488', 'cf9dd9353e219e4af76f6461', true, NOW()) ON CONFLICT ("agentCode", "campaignId") DO UPDATE SET name = EXCLUDED.name, active = true;
INSERT INTO "Agent" (id, name, "agentCode", "campaignId", active, "createdAt") VALUES ('c3e66deea3c95479e8f66799', 'Ana Mercedes Rivera Gonzalez', '767', 'cf9dd9353e219e4af76f6461', true, NOW()) ON CONFLICT ("agentCode", "campaignId") DO UPDATE SET name = EXCLUDED.name, active = true;
INSERT INTO "Agent" (id, name, "agentCode", "campaignId", active, "createdAt") VALUES ('c826f981148fd42e0b02ca8a', 'Anabel Duarte Burgos', '768', 'c87a39614fb622f44b291fe2', true, NOW()) ON CONFLICT ("agentCode", "campaignId") DO UPDATE SET name = EXCLUDED.name, active = true;
INSERT INTO "Agent" (id, name, "agentCode", "campaignId", active, "createdAt") VALUES ('ca9397040d9024edc8005413', 'Anapatricia Espinal García', '1627', 'cd2c366d694f8385bf411177', true, NOW()) ON CONFLICT ("agentCode", "campaignId") DO UPDATE SET name = EXCLUDED.name, active = true;
INSERT INTO "Agent" (id, name, "agentCode", "campaignId", active, "createdAt") VALUES ('c92cdde54c7cd4534b0e9ae8', 'Andrea Valentina Chourio Hidalgo', '1536', 'cbe7449860ea43103caf4942', true, NOW()) ON CONFLICT ("agentCode", "campaignId") DO UPDATE SET name = EXCLUDED.name, active = true;
INSERT INTO "Agent" (id, name, "agentCode", "campaignId", active, "createdAt") VALUES ('c67a9f94867524c78b7ec0cc', 'Antia Perez', '789', 'c083431c1078c2949726fbd0', true, NOW()) ON CONFLICT ("agentCode", "campaignId") DO UPDATE SET name = EXCLUDED.name, active = true;
INSERT INTO "Agent" (id, name, "agentCode", "campaignId", active, "createdAt") VALUES ('cd75ec078ecc742e9a907cb7', 'Antonia Eugene', '1662', 'c2527363c5147f5e118c1993', true, NOW()) ON CONFLICT ("agentCode", "campaignId") DO UPDATE SET name = EXCLUDED.name, active = true;
INSERT INTO "Agent" (id, name, "agentCode", "campaignId", active, "createdAt") VALUES ('cd93680dd8b824ce08df2b55', 'Arllen Cherina Martes Polanco', '3772', 'c456112511c8fbfe587f20d2', true, NOW()) ON CONFLICT ("agentCode", "campaignId") DO UPDATE SET name = EXCLUDED.name, active = true;
INSERT INTO "Agent" (id, name, "agentCode", "campaignId", active, "createdAt") VALUES ('ca87fd6398af342e48b033f7', 'Ashly Vargas Nunez', '801', 'cd2c366d694f8385bf411177', true, NOW()) ON CONFLICT ("agentCode", "campaignId") DO UPDATE SET name = EXCLUDED.name, active = true;
INSERT INTO "Agent" (id, name, "agentCode", "campaignId", active, "createdAt") VALUES ('c2b05aaa257bc48c284ce9b9', 'Audrey Luz Peralta Gonzalez', '802', 'c2527363c5147f5e118c1993', true, NOW()) ON CONFLICT ("agentCode", "campaignId") DO UPDATE SET name = EXCLUDED.name, active = true;
INSERT INTO "Agent" (id, name, "agentCode", "campaignId", active, "createdAt") VALUES ('cb752072de55d49b69f925ba', 'Benjamin Ismael Ortiz Ureña', '806', 'c034be94733415b40a0cbb97', true, NOW()) ON CONFLICT ("agentCode", "campaignId") DO UPDATE SET name = EXCLUDED.name, active = true;
INSERT INTO "Agent" (id, name, "agentCode", "campaignId", active, "createdAt") VALUES ('cdd2020532c8b4066b2e2bfe', 'Brendaliz Vidal Rodríguez', '1643', 'c034be94733415b40a0cbb97', true, NOW()) ON CONFLICT ("agentCode", "campaignId") DO UPDATE SET name = EXCLUDED.name, active = true;
INSERT INTO "Agent" (id, name, "agentCode", "campaignId", active, "createdAt") VALUES ('c685fba2ee1424eeebdebd68', 'Briana Megane Baron', '3711', 'c456112511c8fbfe587f20d2', true, NOW()) ON CONFLICT ("agentCode", "campaignId") DO UPDATE SET name = EXCLUDED.name, active = true;
INSERT INTO "Agent" (id, name, "agentCode", "campaignId", active, "createdAt") VALUES ('c386e2b68ce014130b94047e', 'Bryan de Jesus Gomez Martinez', '3777', 'c2527363c5147f5e118c1993', true, NOW()) ON CONFLICT ("agentCode", "campaignId") DO UPDATE SET name = EXCLUDED.name, active = true;
INSERT INTO "Agent" (id, name, "agentCode", "campaignId", active, "createdAt") VALUES ('c713cf4c3945945698f3a198', 'Cadmiel Alvarez Pichardo', '816', 'cb0961ab1552a2bcfc88c129', true, NOW()) ON CONFLICT ("agentCode", "campaignId") DO UPDATE SET name = EXCLUDED.name, active = true;
INSERT INTO "Agent" (id, name, "agentCode", "campaignId", active, "createdAt") VALUES ('c6b1accf7215c4ee29563448', 'Camilo Andres Vargas Polanco', '3730', 'c9d6e5bb2272dad5bbc80600', true, NOW()) ON CONFLICT ("agentCode", "campaignId") DO UPDATE SET name = EXCLUDED.name, active = true;
INSERT INTO "Agent" (id, name, "agentCode", "campaignId", active, "createdAt") VALUES ('c54c650b73cd84217afc18bc', 'Carlos Daniel Ramos Martinez', '822', 'cf6b31bf3dab60eea29474ae', true, NOW()) ON CONFLICT ("agentCode", "campaignId") DO UPDATE SET name = EXCLUDED.name, active = true;
INSERT INTO "Agent" (id, name, "agentCode", "campaignId", active, "createdAt") VALUES ('ce9e19aa35ea2422488b7403', 'Carlos Jose Araujo Fermin', '831', 'cca55bb1678d982a3f1b7458', true, NOW()) ON CONFLICT ("agentCode", "campaignId") DO UPDATE SET name = EXCLUDED.name, active = true;
INSERT INTO "Agent" (id, name, "agentCode", "campaignId", active, "createdAt") VALUES ('cccb673382e4c4ec4b2709c9', 'Carmen Hurtado Veras', '835', 'cf6b31bf3dab60eea29474ae', true, NOW()) ON CONFLICT ("agentCode", "campaignId") DO UPDATE SET name = EXCLUDED.name, active = true;
INSERT INTO "Agent" (id, name, "agentCode", "campaignId", active, "createdAt") VALUES ('c30671e3a8363480f820e35b', 'Carmen Jose Leong Torres', '836', 'cf9dd9353e219e4af76f6461', true, NOW()) ON CONFLICT ("agentCode", "campaignId") DO UPDATE SET name = EXCLUDED.name, active = true;
INSERT INTO "Agent" (id, name, "agentCode", "campaignId", active, "createdAt") VALUES ('c01549217acbc4d57abaee8c', 'Carolina Rosali Garcia Nunez', '3775', 'c2527363c5147f5e118c1993', true, NOW()) ON CONFLICT ("agentCode", "campaignId") DO UPDATE SET name = EXCLUDED.name, active = true;
INSERT INTO "Agent" (id, name, "agentCode", "campaignId", active, "createdAt") VALUES ('c40f843b3acf74e51b1232e6', 'Celso Alexander Parra Peña', '3732', 'c12b734ee2fe2ef610dbc8dc', true, NOW()) ON CONFLICT ("agentCode", "campaignId") DO UPDATE SET name = EXCLUDED.name, active = true;
INSERT INTO "Agent" (id, name, "agentCode", "campaignId", active, "createdAt") VALUES ('ca4e1b69d8d364f72ac70645', 'Charleston Wooston', '842', 'c7e3b3d0843de540f19d2510', true, NOW()) ON CONFLICT ("agentCode", "campaignId") DO UPDATE SET name = EXCLUDED.name, active = true;
INSERT INTO "Agent" (id, name, "agentCode", "campaignId", active, "createdAt") VALUES ('cfaca9b35fba94422bf01dff', 'Chery Doudley', '846', 'c43368eb903c3b6b14071a42', true, NOW()) ON CONFLICT ("agentCode", "campaignId") DO UPDATE SET name = EXCLUDED.name, active = true;
INSERT INTO "Agent" (id, name, "agentCode", "campaignId", active, "createdAt") VALUES ('cbb3ad1616cf54806b23ca6f', 'Christiana Marcellus', '1582', 'c35463777450b559db35de72', true, NOW()) ON CONFLICT ("agentCode", "campaignId") DO UPDATE SET name = EXCLUDED.name, active = true;
INSERT INTO "Agent" (id, name, "agentCode", "campaignId", active, "createdAt") VALUES ('c6126cd18e37f4b6fb8b3e6c', 'Cindy Hernandez Cruz', '849', 'c083431c1078c2949726fbd0', true, NOW()) ON CONFLICT ("agentCode", "campaignId") DO UPDATE SET name = EXCLUDED.name, active = true;
INSERT INTO "Agent" (id, name, "agentCode", "campaignId", active, "createdAt") VALUES ('c065e503d0f2e44daa098bf1', 'Clari Yoiriza Silverio Gonzalez', '850', 'c852a2d6839b358eed81268a', true, NOW()) ON CONFLICT ("agentCode", "campaignId") DO UPDATE SET name = EXCLUDED.name, active = true;
INSERT INTO "Agent" (id, name, "agentCode", "campaignId", active, "createdAt") VALUES ('c8ef1e9625e0c478aa835683', 'Clary Sol Cabral Núñez', '3737', 'c2527363c5147f5e118c1993', true, NOW()) ON CONFLICT ("agentCode", "campaignId") DO UPDATE SET name = EXCLUDED.name, active = true;
INSERT INTO "Agent" (id, name, "agentCode", "campaignId", active, "createdAt") VALUES ('cd431be4a76a84614aee36a4', 'Danelsy Marte Alonzo', '870', 'c083431c1078c2949726fbd0', true, NOW()) ON CONFLICT ("agentCode", "campaignId") DO UPDATE SET name = EXCLUDED.name, active = true;
INSERT INTO "Agent" (id, name, "agentCode", "campaignId", active, "createdAt") VALUES ('cf64701c89d2743379888428', 'Daniel García Hilario', '1606', 'cd2c366d694f8385bf411177', true, NOW()) ON CONFLICT ("agentCode", "campaignId") DO UPDATE SET name = EXCLUDED.name, active = true;
INSERT INTO "Agent" (id, name, "agentCode", "campaignId", active, "createdAt") VALUES ('c90cc02dfd1834ca6903b86e', 'Daniela Fabiana Guillen Toledo', '874', 'c083431c1078c2949726fbd0', true, NOW()) ON CONFLICT ("agentCode", "campaignId") DO UPDATE SET name = EXCLUDED.name, active = true;
INSERT INTO "Agent" (id, name, "agentCode", "campaignId", active, "createdAt") VALUES ('c817048a9cc7e4c288f66c86', 'Delvy Almonte', '886', 'c777e8baf5091dabe937c9bf', true, NOW()) ON CONFLICT ("agentCode", "campaignId") DO UPDATE SET name = EXCLUDED.name, active = true;
INSERT INTO "Agent" (id, name, "agentCode", "campaignId", active, "createdAt") VALUES ('ce36d371410ae4cb09dfec3b', 'Diana Martinez', '891', 'cbe7449860ea43103caf4942', true, NOW()) ON CONFLICT ("agentCode", "campaignId") DO UPDATE SET name = EXCLUDED.name, active = true;
INSERT INTO "Agent" (id, name, "agentCode", "campaignId", active, "createdAt") VALUES ('c6fe05deef6ac4ada987d51c', 'Diego Edgardo Siliezar Madrid', '1491', 'cd2c366d694f8385bf411177', true, NOW()) ON CONFLICT ("agentCode", "campaignId") DO UPDATE SET name = EXCLUDED.name, active = true;
INSERT INTO "Agent" (id, name, "agentCode", "campaignId", active, "createdAt") VALUES ('ce05bf32e190f49cba5716a9', 'Dilonesy Marte de Recio', '892', 'cd2c366d694f8385bf411177', true, NOW()) ON CONFLICT ("agentCode", "campaignId") DO UPDATE SET name = EXCLUDED.name, active = true;
INSERT INTO "Agent" (id, name, "agentCode", "campaignId", active, "createdAt") VALUES ('c67cc143de89f4c5a93deeb7', 'Dionicio Alejandro Garcia Robiou', '894', 'c9d6e5bb2272dad5bbc80600', true, NOW()) ON CONFLICT ("agentCode", "campaignId") DO UPDATE SET name = EXCLUDED.name, active = true;
INSERT INTO "Agent" (id, name, "agentCode", "campaignId", active, "createdAt") VALUES ('c2a0743be4c8241d6b41fd06', 'Dioskeiry de la Cruz', '895', 'c9d6e5bb2272dad5bbc80600', true, NOW()) ON CONFLICT ("agentCode", "campaignId") DO UPDATE SET name = EXCLUDED.name, active = true;
INSERT INTO "Agent" (id, name, "agentCode", "campaignId", active, "createdAt") VALUES ('ca9529339acf64708b92f8cb', 'Dorianny Santos Tejeda', '899', 'c777e8baf5091dabe937c9bf', true, NOW()) ON CONFLICT ("agentCode", "campaignId") DO UPDATE SET name = EXCLUDED.name, active = true;
INSERT INTO "Agent" (id, name, "agentCode", "campaignId", active, "createdAt") VALUES ('cca2aa89af4114ae9a59555b', 'Edwilvin Balbuena Hilario', '910', 'c9d6e5bb2272dad5bbc80600', true, NOW()) ON CONFLICT ("agentCode", "campaignId") DO UPDATE SET name = EXCLUDED.name, active = true;
INSERT INTO "Agent" (id, name, "agentCode", "campaignId", active, "createdAt") VALUES ('c472b3301e2ba4c3a87b5ac1', 'Efrain German De Leon', '913', 'c9d6e5bb2272dad5bbc80600', true, NOW()) ON CONFLICT ("agentCode", "campaignId") DO UPDATE SET name = EXCLUDED.name, active = true;
INSERT INTO "Agent" (id, name, "agentCode", "campaignId", active, "createdAt") VALUES ('c2f510c9166ec41f3bf6a612', 'Efrain Jose Santos Gonzalez', '914', 'cca55bb1678d982a3f1b7458', true, NOW()) ON CONFLICT ("agentCode", "campaignId") DO UPDATE SET name = EXCLUDED.name, active = true;
INSERT INTO "Agent" (id, name, "agentCode", "campaignId", active, "createdAt") VALUES ('c39e02362f0644ec3922f1f9', 'Eleazar Rafael Contreras Javier', '1671', 'c9d6e5bb2272dad5bbc80600', true, NOW()) ON CONFLICT ("agentCode", "campaignId") DO UPDATE SET name = EXCLUDED.name, active = true;
INSERT INTO "Agent" (id, name, "agentCode", "campaignId", active, "createdAt") VALUES ('cdcca2a27e234452fad99a23', 'Eligio Ezequiel Hernández Hernández', '3742', 'c456112511c8fbfe587f20d2', true, NOW()) ON CONFLICT ("agentCode", "campaignId") DO UPDATE SET name = EXCLUDED.name, active = true;
INSERT INTO "Agent" (id, name, "agentCode", "campaignId", active, "createdAt") VALUES ('c967efcc6d9284710aec5ce4', 'Elisa Chavez Lora', '917', 'c083431c1078c2949726fbd0', true, NOW()) ON CONFLICT ("agentCode", "campaignId") DO UPDATE SET name = EXCLUDED.name, active = true;
INSERT INTO "Agent" (id, name, "agentCode", "campaignId", active, "createdAt") VALUES ('c72eb135bb2204a5baa49a5c', 'Elysee Elius', '921', 'c456112511c8fbfe587f20d2', true, NOW()) ON CONFLICT ("agentCode", "campaignId") DO UPDATE SET name = EXCLUDED.name, active = true;
INSERT INTO "Agent" (id, name, "agentCode", "campaignId", active, "createdAt") VALUES ('c6c92715fd5064d5aa51ed7f', 'Emanuel Cornalo', '922', 'c8d09c4d06897ae9e82cafc9', true, NOW()) ON CONFLICT ("agentCode", "campaignId") DO UPDATE SET name = EXCLUDED.name, active = true;
INSERT INTO "Agent" (id, name, "agentCode", "campaignId", active, "createdAt") VALUES ('c42e89877db9d420e973acc3', 'Emelin Eudises Guevara Carrasco', '923', 'cd2c366d694f8385bf411177', true, NOW()) ON CONFLICT ("agentCode", "campaignId") DO UPDATE SET name = EXCLUDED.name, active = true;
INSERT INTO "Agent" (id, name, "agentCode", "campaignId", active, "createdAt") VALUES ('ca405ea264c99454396679ae', 'Emerita Luisa Urdaneta Urdaneta', '927', 'c48f06ed3f4f4d8238a5fbba', true, NOW()) ON CONFLICT ("agentCode", "campaignId") DO UPDATE SET name = EXCLUDED.name, active = true;
INSERT INTO "Agent" (id, name, "agentCode", "campaignId", active, "createdAt") VALUES ('ce5d6bc6c954c4a3a94878b4', 'Eslovenia Acero Alcantara', '945', 'c083431c1078c2949726fbd0', true, NOW()) ON CONFLICT ("agentCode", "campaignId") DO UPDATE SET name = EXCLUDED.name, active = true;
INSERT INTO "Agent" (id, name, "agentCode", "campaignId", active, "createdAt") VALUES ('c47d250476be8489aac37d63', 'Ezequiel Matias Padilla', '1576', 'c8d09c4d06897ae9e82cafc9', true, NOW()) ON CONFLICT ("agentCode", "campaignId") DO UPDATE SET name = EXCLUDED.name, active = true;
INSERT INTO "Agent" (id, name, "agentCode", "campaignId", active, "createdAt") VALUES ('c76934510660b460cb0217b7', 'Felix Oscar Liriano Martinez', '1563', 'c2527363c5147f5e118c1993', true, NOW()) ON CONFLICT ("agentCode", "campaignId") DO UPDATE SET name = EXCLUDED.name, active = true;
INSERT INTO "Agent" (id, name, "agentCode", "campaignId", active, "createdAt") VALUES ('c69368a30138c43978242d3d', 'Florencia Juarez', '956', 'c9d6e5bb2272dad5bbc80600', true, NOW()) ON CONFLICT ("agentCode", "campaignId") DO UPDATE SET name = EXCLUDED.name, active = true;
INSERT INTO "Agent" (id, name, "agentCode", "campaignId", active, "createdAt") VALUES ('c973c7b1e6d754375a55e892', 'Florian Hipólito Jiménez', '958', 'c43368eb903c3b6b14071a42', true, NOW()) ON CONFLICT ("agentCode", "campaignId") DO UPDATE SET name = EXCLUDED.name, active = true;
INSERT INTO "Agent" (id, name, "agentCode", "campaignId", active, "createdAt") VALUES ('c77421ac9816246478854a39', 'Francina Glorimel Mendez Estrella', '962', 'c4e1b5019a61319d53c7d6dc', true, NOW()) ON CONFLICT ("agentCode", "campaignId") DO UPDATE SET name = EXCLUDED.name, active = true;
INSERT INTO "Agent" (id, name, "agentCode", "campaignId", active, "createdAt") VALUES ('c7df4f8a35efa4e1b93c2a07', 'Francis Brito', '963', 'c9d6e5bb2272dad5bbc80600', true, NOW()) ON CONFLICT ("agentCode", "campaignId") DO UPDATE SET name = EXCLUDED.name, active = true;
INSERT INTO "Agent" (id, name, "agentCode", "campaignId", active, "createdAt") VALUES ('cd8852f96ee8242219439777', 'Francis Esmeldin Diaz Martinez', '964', 'c9d6e5bb2272dad5bbc80600', true, NOW()) ON CONFLICT ("agentCode", "campaignId") DO UPDATE SET name = EXCLUDED.name, active = true;
INSERT INTO "Agent" (id, name, "agentCode", "campaignId", active, "createdAt") VALUES ('c59944af5e1cf42b783dfeed', 'Freddy Manuel Camps Heinsen', '1625', 'ce731dc778845d6ebd40793b', true, NOW()) ON CONFLICT ("agentCode", "campaignId") DO UPDATE SET name = EXCLUDED.name, active = true;
INSERT INTO "Agent" (id, name, "agentCode", "campaignId", active, "createdAt") VALUES ('c67ba5a7a198e4747a6f81b8', 'Genesis Altagracia Nuñez Aponte', '973', 'cd2c366d694f8385bf411177', true, NOW()) ON CONFLICT ("agentCode", "campaignId") DO UPDATE SET name = EXCLUDED.name, active = true;
INSERT INTO "Agent" (id, name, "agentCode", "campaignId", active, "createdAt") VALUES ('c80ca24a440cc4f988bf5b3e', 'George Tomas Colon Gonzalez', '979', 'c9d6e5bb2272dad5bbc80600', true, NOW()) ON CONFLICT ("agentCode", "campaignId") DO UPDATE SET name = EXCLUDED.name, active = true;
INSERT INTO "Agent" (id, name, "agentCode", "campaignId", active, "createdAt") VALUES ('c7973c474b3504e08a218b4f', 'Gilbert Antonio Jorge', '986', 'c08adb9efa19f99922591ac1', true, NOW()) ON CONFLICT ("agentCode", "campaignId") DO UPDATE SET name = EXCLUDED.name, active = true;
INSERT INTO "Agent" (id, name, "agentCode", "campaignId", active, "createdAt") VALUES ('c74e41e0b078c436eb8e55f4', 'Giovanny Berretta', '987', 'c8d09c4d06897ae9e82cafc9', true, NOW()) ON CONFLICT ("agentCode", "campaignId") DO UPDATE SET name = EXCLUDED.name, active = true;
INSERT INTO "Agent" (id, name, "agentCode", "campaignId", active, "createdAt") VALUES ('cde57b3157a724090acbf8c8', 'Giselle Lugo Arias', '988', 'cca55bb1678d982a3f1b7458', true, NOW()) ON CONFLICT ("agentCode", "campaignId") DO UPDATE SET name = EXCLUDED.name, active = true;
INSERT INTO "Agent" (id, name, "agentCode", "campaignId", active, "createdAt") VALUES ('c3d3346cdf4d34b3b9d0fae1', 'Guillermo Monsanto Henson', '3708', 'cd0044fe22b2c7fafd98a7e9', true, NOW()) ON CONFLICT ("agentCode", "campaignId") DO UPDATE SET name = EXCLUDED.name, active = true;
INSERT INTO "Agent" (id, name, "agentCode", "campaignId", active, "createdAt") VALUES ('c091604b0461341c294f49b9', 'Herlyn Shelive Beaton Suero', '1002', 'c777e8baf5091dabe937c9bf', true, NOW()) ON CONFLICT ("agentCode", "campaignId") DO UPDATE SET name = EXCLUDED.name, active = true;
INSERT INTO "Agent" (id, name, "agentCode", "campaignId", active, "createdAt") VALUES ('c4f4efde1708c44a39a37d84', 'Hernando Alfonso Cordoba Bernal', '1003', 'c777e8baf5091dabe937c9bf', true, NOW()) ON CONFLICT ("agentCode", "campaignId") DO UPDATE SET name = EXCLUDED.name, active = true;
INSERT INTO "Agent" (id, name, "agentCode", "campaignId", active, "createdAt") VALUES ('c03a1c2fbfce147cda8ca57b', 'Hugo Andres Guzmán Eusebio', '1005', 'c083431c1078c2949726fbd0', true, NOW()) ON CONFLICT ("agentCode", "campaignId") DO UPDATE SET name = EXCLUDED.name, active = true;
INSERT INTO "Agent" (id, name, "agentCode", "campaignId", active, "createdAt") VALUES ('c04c868f92e5e444fbd4effb', 'Isayris Lisset Suardi Roque', '1011', 'cf9dd9353e219e4af76f6461', true, NOW()) ON CONFLICT ("agentCode", "campaignId") DO UPDATE SET name = EXCLUDED.name, active = true;
INSERT INTO "Agent" (id, name, "agentCode", "campaignId", active, "createdAt") VALUES ('cfd45f2869f7c46668bb4966', 'Ismayra Esther Rivas', '1012', 'c083431c1078c2949726fbd0', true, NOW()) ON CONFLICT ("agentCode", "campaignId") DO UPDATE SET name = EXCLUDED.name, active = true;
INSERT INTO "Agent" (id, name, "agentCode", "campaignId", active, "createdAt") VALUES ('c50b642558c084997b4c2c3e', 'Ivan Moises Turby Paulino', '3747', 'c9d6e5bb2272dad5bbc80600', true, NOW()) ON CONFLICT ("agentCode", "campaignId") DO UPDATE SET name = EXCLUDED.name, active = true;
INSERT INTO "Agent" (id, name, "agentCode", "campaignId", active, "createdAt") VALUES ('c0fc5bff34a104cd59da0e81', 'Jabes David Perdomo Espinal', '3703', 'ccf63c96b6b87125ecb24a34', true, NOW()) ON CONFLICT ("agentCode", "campaignId") DO UPDATE SET name = EXCLUDED.name, active = true;
INSERT INTO "Agent" (id, name, "agentCode", "campaignId", active, "createdAt") VALUES ('ca79d25e3e8da44e59520d32', 'Jacques Jean Elie', '1667', 'c2527363c5147f5e118c1993', true, NOW()) ON CONFLICT ("agentCode", "campaignId") DO UPDATE SET name = EXCLUDED.name, active = true;
INSERT INTO "Agent" (id, name, "agentCode", "campaignId", active, "createdAt") VALUES ('c05e4d95640874fbca9602cf', 'Jacquise Lamy', '1521', 'c2527363c5147f5e118c1993', true, NOW()) ON CONFLICT ("agentCode", "campaignId") DO UPDATE SET name = EXCLUDED.name, active = true;
INSERT INTO "Agent" (id, name, "agentCode", "campaignId", active, "createdAt") VALUES ('ca38165c13bd048d4b8e0e9f', 'Jadison Josue Estevez Rodriguez', '1016', 'c034be94733415b40a0cbb97', true, NOW()) ON CONFLICT ("agentCode", "campaignId") DO UPDATE SET name = EXCLUDED.name, active = true;
INSERT INTO "Agent" (id, name, "agentCode", "campaignId", active, "createdAt") VALUES ('c5d9f8b2234954a62a093ed4', 'Jaenny Rocio Custodio Aybar', '1017', 'c083431c1078c2949726fbd0', true, NOW()) ON CONFLICT ("agentCode", "campaignId") DO UPDATE SET name = EXCLUDED.name, active = true;
INSERT INTO "Agent" (id, name, "agentCode", "campaignId", active, "createdAt") VALUES ('c0d34e1e7bc8043ea8ce36e8', 'James Edward Polanco Almonte', '1018', 'cd2c366d694f8385bf411177', true, NOW()) ON CONFLICT ("agentCode", "campaignId") DO UPDATE SET name = EXCLUDED.name, active = true;
INSERT INTO "Agent" (id, name, "agentCode", "campaignId", active, "createdAt") VALUES ('cdd64dd7506694c189695d62', 'Jan Maicol Bido Santana', '1019', 'cca55bb1678d982a3f1b7458', true, NOW()) ON CONFLICT ("agentCode", "campaignId") DO UPDATE SET name = EXCLUDED.name, active = true;
INSERT INTO "Agent" (id, name, "agentCode", "campaignId", active, "createdAt") VALUES ('ccaf2248799d942e4b6bf9d5', 'Jarony Rafael Ramirez', '1021', 'cca55bb1678d982a3f1b7458', true, NOW()) ON CONFLICT ("agentCode", "campaignId") DO UPDATE SET name = EXCLUDED.name, active = true;
INSERT INTO "Agent" (id, name, "agentCode", "campaignId", active, "createdAt") VALUES ('c148bb35956a14f10b73cb2a', 'Jean Line', '1664', 'c2527363c5147f5e118c1993', true, NOW()) ON CONFLICT ("agentCode", "campaignId") DO UPDATE SET name = EXCLUDED.name, active = true;
INSERT INTO "Agent" (id, name, "agentCode", "campaignId", active, "createdAt") VALUES ('c77efa649c3bb4f629cce226', 'Jean Rony Alysiee', '1594', 'c2527363c5147f5e118c1993', true, NOW()) ON CONFLICT ("agentCode", "campaignId") DO UPDATE SET name = EXCLUDED.name, active = true;
INSERT INTO "Agent" (id, name, "agentCode", "campaignId", active, "createdAt") VALUES ('c3f1fbc462ce141e5b1223d2', 'Jeffries Alexander Pascual Hernandez', '1031', 'cca55bb1678d982a3f1b7458', true, NOW()) ON CONFLICT ("agentCode", "campaignId") DO UPDATE SET name = EXCLUDED.name, active = true;
INSERT INTO "Agent" (id, name, "agentCode", "campaignId", active, "createdAt") VALUES ('cd25f347f9c9344fb9f43ce5', 'Jency Guillermo Pimentel Torres', '3752', 'cd0044fe22b2c7fafd98a7e9', true, NOW()) ON CONFLICT ("agentCode", "campaignId") DO UPDATE SET name = EXCLUDED.name, active = true;
INSERT INTO "Agent" (id, name, "agentCode", "campaignId", active, "createdAt") VALUES ('c2cae30b883224c9d83d5906', 'Jenny del Carmen Vivas Fernandez', '1037', 'cd2c366d694f8385bf411177', true, NOW()) ON CONFLICT ("agentCode", "campaignId") DO UPDATE SET name = EXCLUDED.name, active = true;
INSERT INTO "Agent" (id, name, "agentCode", "campaignId", active, "createdAt") VALUES ('c5da50ab600984f06899beaf', 'Jeremy Jossan Custodio', '1040', 'c35463777450b559db35de72', true, NOW()) ON CONFLICT ("agentCode", "campaignId") DO UPDATE SET name = EXCLUDED.name, active = true;
INSERT INTO "Agent" (id, name, "agentCode", "campaignId", active, "createdAt") VALUES ('c5e4425cb328940bf8909040', 'Jeremías Capellán Ramos', '1665', 'c2527363c5147f5e118c1993', true, NOW()) ON CONFLICT ("agentCode", "campaignId") DO UPDATE SET name = EXCLUDED.name, active = true;
INSERT INTO "Agent" (id, name, "agentCode", "campaignId", active, "createdAt") VALUES ('c16b30156ec1f4d34931824e', 'Jesus Miguel Ramirez', '1046', 'cf9dd9353e219e4af76f6461', true, NOW()) ON CONFLICT ("agentCode", "campaignId") DO UPDATE SET name = EXCLUDED.name, active = true;
INSERT INTO "Agent" (id, name, "agentCode", "campaignId", active, "createdAt") VALUES ('c64041eaee79d4fbf9e414ef', 'Joe Paul Bisono Ramirez', '1056', 'c034be94733415b40a0cbb97', true, NOW()) ON CONFLICT ("agentCode", "campaignId") DO UPDATE SET name = EXCLUDED.name, active = true;
INSERT INTO "Agent" (id, name, "agentCode", "campaignId", active, "createdAt") VALUES ('c39574c3b90db4c90be7d3f3', 'Joel Duran', '1057', 'cca55bb1678d982a3f1b7458', true, NOW()) ON CONFLICT ("agentCode", "campaignId") DO UPDATE SET name = EXCLUDED.name, active = true;
INSERT INTO "Agent" (id, name, "agentCode", "campaignId", active, "createdAt") VALUES ('cdbe78982ef4f4c1888b522b', 'Joel Jose Cruz Feliz', '1058', 'c9d6e5bb2272dad5bbc80600', true, NOW()) ON CONFLICT ("agentCode", "campaignId") DO UPDATE SET name = EXCLUDED.name, active = true;
INSERT INTO "Agent" (id, name, "agentCode", "campaignId", active, "createdAt") VALUES ('cad72afbe95574ff4bc9872b', 'Jonathan Alexander Orellana Flores', '1485', 'c35463777450b559db35de72', true, NOW()) ON CONFLICT ("agentCode", "campaignId") DO UPDATE SET name = EXCLUDED.name, active = true;
INSERT INTO "Agent" (id, name, "agentCode", "campaignId", active, "createdAt") VALUES ('c85f77a87608e48a584b56e5', 'Jonathan Datael Estrella Martinez', '1068', 'c083431c1078c2949726fbd0', true, NOW()) ON CONFLICT ("agentCode", "campaignId") DO UPDATE SET name = EXCLUDED.name, active = true;
INSERT INTO "Agent" (id, name, "agentCode", "campaignId", active, "createdAt") VALUES ('c395590c1dc674d9086d2942', 'Jordany Rafael Jiménez Lebron', '1071', 'c9d6e5bb2272dad5bbc80600', true, NOW()) ON CONFLICT ("agentCode", "campaignId") DO UPDATE SET name = EXCLUDED.name, active = true;
INSERT INTO "Agent" (id, name, "agentCode", "campaignId", active, "createdAt") VALUES ('cd5cf8d3980f84723b0b30a3', 'Jose Andres Santos Castillo', '1618', 'c2527363c5147f5e118c1993', true, NOW()) ON CONFLICT ("agentCode", "campaignId") DO UPDATE SET name = EXCLUDED.name, active = true;
INSERT INTO "Agent" (id, name, "agentCode", "campaignId", active, "createdAt") VALUES ('cbed2e57dcdc240d6a30b2ba', 'Jose Angel Franco', '1077', 'c9d6e5bb2272dad5bbc80600', true, NOW()) ON CONFLICT ("agentCode", "campaignId") DO UPDATE SET name = EXCLUDED.name, active = true;
INSERT INTO "Agent" (id, name, "agentCode", "campaignId", active, "createdAt") VALUES ('cb14753956e9b4da8887bd3a', 'Jose Carlos Belliard Veras', '1080', 'cb0961ab1552a2bcfc88c129', true, NOW()) ON CONFLICT ("agentCode", "campaignId") DO UPDATE SET name = EXCLUDED.name, active = true;
INSERT INTO "Agent" (id, name, "agentCode", "campaignId", active, "createdAt") VALUES ('c6b2023fea36a4ca6918815b', 'Jose Manuel Gomez Diaz', '3709', 'ccf63c96b6b87125ecb24a34', true, NOW()) ON CONFLICT ("agentCode", "campaignId") DO UPDATE SET name = EXCLUDED.name, active = true;
INSERT INTO "Agent" (id, name, "agentCode", "campaignId", active, "createdAt") VALUES ('cdb8caad2f47848e9aebd789', 'Jose Orlando Peña Nova', '1090', 'c083431c1078c2949726fbd0', true, NOW()) ON CONFLICT ("agentCode", "campaignId") DO UPDATE SET name = EXCLUDED.name, active = true;
INSERT INTO "Agent" (id, name, "agentCode", "campaignId", active, "createdAt") VALUES ('c4ead219a6491494abcb8e47', 'Jose Roberto Feliz Sanchez', '1093', 'c852a2d6839b358eed81268a', true, NOW()) ON CONFLICT ("agentCode", "campaignId") DO UPDATE SET name = EXCLUDED.name, active = true;
INSERT INTO "Agent" (id, name, "agentCode", "campaignId", active, "createdAt") VALUES ('c6bf4ed5409f64d0ab4a3ed9', 'Jose Rodolfo Abreu Mejia', '1076', 'cd2c366d694f8385bf411177', true, NOW()) ON CONFLICT ("agentCode", "campaignId") DO UPDATE SET name = EXCLUDED.name, active = true;
INSERT INTO "Agent" (id, name, "agentCode", "campaignId", active, "createdAt") VALUES ('c4a2427c7b99f490da75857b', 'Jose Salvador Vazquez Febles', '1094', 'cbe7449860ea43103caf4942', true, NOW()) ON CONFLICT ("agentCode", "campaignId") DO UPDATE SET name = EXCLUDED.name, active = true;
INSERT INTO "Agent" (id, name, "agentCode", "campaignId", active, "createdAt") VALUES ('cfeff18e2f56543f38071d9b', 'Jose Sigfredo Cruz', '1095', 'cca55bb1678d982a3f1b7458', true, NOW()) ON CONFLICT ("agentCode", "campaignId") DO UPDATE SET name = EXCLUDED.name, active = true;
INSERT INTO "Agent" (id, name, "agentCode", "campaignId", active, "createdAt") VALUES ('c29c4eeeb7f6c43a99f5d3f0', 'Jose de Jesus Pulido Ordonez', '1082', 'c083431c1078c2949726fbd0', true, NOW()) ON CONFLICT ("agentCode", "campaignId") DO UPDATE SET name = EXCLUDED.name, active = true;
INSERT INTO "Agent" (id, name, "agentCode", "campaignId", active, "createdAt") VALUES ('cdd4eb76214e64bbebc9fd2d', 'Josue Gustavo Vargas', '1103', 'c43368eb903c3b6b14071a42', true, NOW()) ON CONFLICT ("agentCode", "campaignId") DO UPDATE SET name = EXCLUDED.name, active = true;
INSERT INTO "Agent" (id, name, "agentCode", "campaignId", active, "createdAt") VALUES ('ca37e17664ca846989fb17d6', 'Joswa Guillermo Calzado', '1107', 'cca55bb1678d982a3f1b7458', true, NOW()) ON CONFLICT ("agentCode", "campaignId") DO UPDATE SET name = EXCLUDED.name, active = true;
INSERT INTO "Agent" (id, name, "agentCode", "campaignId", active, "createdAt") VALUES ('c83ba4153c5f247d4959e5b8', 'Juan Aneudis De Oleo', '1112', 'c43368eb903c3b6b14071a42', true, NOW()) ON CONFLICT ("agentCode", "campaignId") DO UPDATE SET name = EXCLUDED.name, active = true;
INSERT INTO "Agent" (id, name, "agentCode", "campaignId", active, "createdAt") VALUES ('c27098b39ce374cc08334352', 'Juan Armando Hernández Delgado', '1653', 'cb0961ab1552a2bcfc88c129', true, NOW()) ON CONFLICT ("agentCode", "campaignId") DO UPDATE SET name = EXCLUDED.name, active = true;
INSERT INTO "Agent" (id, name, "agentCode", "campaignId", active, "createdAt") VALUES ('c42f174ef49af472ca6dcb76', 'Juan Carlos Rijo Garcia', '1110', 'cf6b31bf3dab60eea29474ae', true, NOW()) ON CONFLICT ("agentCode", "campaignId") DO UPDATE SET name = EXCLUDED.name, active = true;
INSERT INTO "Agent" (id, name, "agentCode", "campaignId", active, "createdAt") VALUES ('c5f919c4d5fd941d5aef99e4', 'Juan Francisco Martinez Calderon', '1494', 'cf9dd9353e219e4af76f6461', true, NOW()) ON CONFLICT ("agentCode", "campaignId") DO UPDATE SET name = EXCLUDED.name, active = true;
INSERT INTO "Agent" (id, name, "agentCode", "campaignId", active, "createdAt") VALUES ('cfc08af212f374d2e93bf3f6', 'Juan Sebastian Carrasco Mercedes', '1115', 'c2527363c5147f5e118c1993', true, NOW()) ON CONFLICT ("agentCode", "campaignId") DO UPDATE SET name = EXCLUDED.name, active = true;
INSERT INTO "Agent" (id, name, "agentCode", "campaignId", active, "createdAt") VALUES ('c7210c011a1dc40b2982d857', 'Julio Armando Yoy Chavez', '1495', 'c2527363c5147f5e118c1993', true, NOW()) ON CONFLICT ("agentCode", "campaignId") DO UPDATE SET name = EXCLUDED.name, active = true;
INSERT INTO "Agent" (id, name, "agentCode", "campaignId", active, "createdAt") VALUES ('c88f7eac6ba3d4630a008abe', 'Karen Estevez Valerio', '1123', 'cd0044fe22b2c7fafd98a7e9', true, NOW()) ON CONFLICT ("agentCode", "campaignId") DO UPDATE SET name = EXCLUDED.name, active = true;
INSERT INTO "Agent" (id, name, "agentCode", "campaignId", active, "createdAt") VALUES ('c21f818b0592e4b84aefd9ad', 'Katherine Maria Mazara Encarnación', '1132', 'c4e1b5019a61319d53c7d6dc', true, NOW()) ON CONFLICT ("agentCode", "campaignId") DO UPDATE SET name = EXCLUDED.name, active = true;
INSERT INTO "Agent" (id, name, "agentCode", "campaignId", active, "createdAt") VALUES ('c79c0a8d094cc441c85c8258', 'Kayla Whaley', '1137', 'c2527363c5147f5e118c1993', true, NOW()) ON CONFLICT ("agentCode", "campaignId") DO UPDATE SET name = EXCLUDED.name, active = true;
INSERT INTO "Agent" (id, name, "agentCode", "campaignId", active, "createdAt") VALUES ('c0ce8c5f91b7b4cb9ab8dbdd', 'Kelvin De León Santana', '1672', 'c9d6e5bb2272dad5bbc80600', true, NOW()) ON CONFLICT ("agentCode", "campaignId") DO UPDATE SET name = EXCLUDED.name, active = true;
INSERT INTO "Agent" (id, name, "agentCode", "campaignId", active, "createdAt") VALUES ('c35240c5e05514adab225845', 'Kenuel Guzman Castillo', '1147', 'cd2c366d694f8385bf411177', true, NOW()) ON CONFLICT ("agentCode", "campaignId") DO UPDATE SET name = EXCLUDED.name, active = true;
INSERT INTO "Agent" (id, name, "agentCode", "campaignId", active, "createdAt") VALUES ('cf68d4a8547604fa7896a6ca', 'Kimberly Alexandra Estévez Guzmán', '1636', 'cd2c366d694f8385bf411177', true, NOW()) ON CONFLICT ("agentCode", "campaignId") DO UPDATE SET name = EXCLUDED.name, active = true;
INSERT INTO "Agent" (id, name, "agentCode", "campaignId", active, "createdAt") VALUES ('ccf7efa261d054667b35df60', 'Leidy Laura Vialet Cruz', '3726', 'c12b734ee2fe2ef610dbc8dc', true, NOW()) ON CONFLICT ("agentCode", "campaignId") DO UPDATE SET name = EXCLUDED.name, active = true;
INSERT INTO "Agent" (id, name, "agentCode", "campaignId", active, "createdAt") VALUES ('c82d208b65d0942b981bcc49', 'Leslie Acevedo Ventura', '1161', 'cf9dd9353e219e4af76f6461', true, NOW()) ON CONFLICT ("agentCode", "campaignId") DO UPDATE SET name = EXCLUDED.name, active = true;
INSERT INTO "Agent" (id, name, "agentCode", "campaignId", active, "createdAt") VALUES ('cba823c0c427c477cb1cafcb', 'Leudy Miguel García Puello', '1631', 'cb0961ab1552a2bcfc88c129', true, NOW()) ON CONFLICT ("agentCode", "campaignId") DO UPDATE SET name = EXCLUDED.name, active = true;
INSERT INTO "Agent" (id, name, "agentCode", "campaignId", active, "createdAt") VALUES ('c84cdcf6d9fc3451d9443c7d', 'Lisbeth Maria Naar Sánchez', '1167', 'cf9dd9353e219e4af76f6461', true, NOW()) ON CONFLICT ("agentCode", "campaignId") DO UPDATE SET name = EXCLUDED.name, active = true;
INSERT INTO "Agent" (id, name, "agentCode", "campaignId", active, "createdAt") VALUES ('c99c6ebdb65c941a2a446714', 'Lissette Rosario Hernandez', '3779', 'c852a2d6839b358eed81268a', true, NOW()) ON CONFLICT ("agentCode", "campaignId") DO UPDATE SET name = EXCLUDED.name, active = true;
INSERT INTO "Agent" (id, name, "agentCode", "campaignId", active, "createdAt") VALUES ('c90666e7cf5684a7ca4fa205', 'Luciana Jazmin Pfaffe', '1176', 'c9d6e5bb2272dad5bbc80600', true, NOW()) ON CONFLICT ("agentCode", "campaignId") DO UPDATE SET name = EXCLUDED.name, active = true;
INSERT INTO "Agent" (id, name, "agentCode", "campaignId", active, "createdAt") VALUES ('c24eb3d02337a4562ba71ae5', 'Luis Rafael Herrera Cabrera', '3761', 'c8d09c4d06897ae9e82cafc9', true, NOW()) ON CONFLICT ("agentCode", "campaignId") DO UPDATE SET name = EXCLUDED.name, active = true;
INSERT INTO "Agent" (id, name, "agentCode", "campaignId", active, "createdAt") VALUES ('c4e9ff1a41fb447de87b87b9', 'Luisangel Joel Santos Blanco', '1183', 'c456112511c8fbfe587f20d2', true, NOW()) ON CONFLICT ("agentCode", "campaignId") DO UPDATE SET name = EXCLUDED.name, active = true;
INSERT INTO "Agent" (id, name, "agentCode", "campaignId", active, "createdAt") VALUES ('c0212afed90bb42148b11509', 'Mackly Patchino Lindor', '1630', 'cf9dd9353e219e4af76f6461', true, NOW()) ON CONFLICT ("agentCode", "campaignId") DO UPDATE SET name = EXCLUDED.name, active = true;
INSERT INTO "Agent" (id, name, "agentCode", "campaignId", active, "createdAt") VALUES ('cecd531b87497490b98b0015', 'Maria Soledad Magnetti', '1197', 'cd2c366d694f8385bf411177', true, NOW()) ON CONFLICT ("agentCode", "campaignId") DO UPDATE SET name = EXCLUDED.name, active = true;
INSERT INTO "Agent" (id, name, "agentCode", "campaignId", active, "createdAt") VALUES ('cad2088d0605b49018e27af9', 'Marlen Guzman Santos', '1204', 'c083431c1078c2949726fbd0', true, NOW()) ON CONFLICT ("agentCode", "campaignId") DO UPDATE SET name = EXCLUDED.name, active = true;
INSERT INTO "Agent" (id, name, "agentCode", "campaignId", active, "createdAt") VALUES ('c985b39673dd643f1bd26b54', 'Marlenee Ysabel Pérez Peña', '1634', 'c2c2fb3d3c8fe11c2d1b6c25', true, NOW()) ON CONFLICT ("agentCode", "campaignId") DO UPDATE SET name = EXCLUDED.name, active = true;
INSERT INTO "Agent" (id, name, "agentCode", "campaignId", active, "createdAt") VALUES ('c17c4640c50dc4e579582a32', 'Matthew Babash', '1211', 'c9d6e5bb2272dad5bbc80600', true, NOW()) ON CONFLICT ("agentCode", "campaignId") DO UPDATE SET name = EXCLUDED.name, active = true;
INSERT INTO "Agent" (id, name, "agentCode", "campaignId", active, "createdAt") VALUES ('c8476463191554ad58647bdf', 'Maximo Daniel Diaz Quintin', '1213', 'c034be94733415b40a0cbb97', true, NOW()) ON CONFLICT ("agentCode", "campaignId") DO UPDATE SET name = EXCLUDED.name, active = true;
INSERT INTO "Agent" (id, name, "agentCode", "campaignId", active, "createdAt") VALUES ('c60d52c3c873b4d97aa1c3ae', 'Meccy Jazmany Calderon', '1216', 'c083431c1078c2949726fbd0', true, NOW()) ON CONFLICT ("agentCode", "campaignId") DO UPDATE SET name = EXCLUDED.name, active = true;
INSERT INTO "Agent" (id, name, "agentCode", "campaignId", active, "createdAt") VALUES ('c59d7a62564964915bbf92af', 'Melina Juarez', '1217', 'cd2c366d694f8385bf411177', true, NOW()) ON CONFLICT ("agentCode", "campaignId") DO UPDATE SET name = EXCLUDED.name, active = true;
INSERT INTO "Agent" (id, name, "agentCode", "campaignId", active, "createdAt") VALUES ('cf4cca873658f453c98ca369', 'Melvin Franciso Barrera Santana', '1220', 'cbe7449860ea43103caf4942', true, NOW()) ON CONFLICT ("agentCode", "campaignId") DO UPDATE SET name = EXCLUDED.name, active = true;
INSERT INTO "Agent" (id, name, "agentCode", "campaignId", active, "createdAt") VALUES ('c815263e8c0514b5982a363e', 'Mercedes Victoria Vaquerano Ramos', '1479', 'cf9dd9353e219e4af76f6461', true, NOW()) ON CONFLICT ("agentCode", "campaignId") DO UPDATE SET name = EXCLUDED.name, active = true;
INSERT INTO "Agent" (id, name, "agentCode", "campaignId", active, "createdAt") VALUES ('c36382ebef9fc42a79353432', 'Michael Rosa De La Rosa', '1227', 'cbe7449860ea43103caf4942', true, NOW()) ON CONFLICT ("agentCode", "campaignId") DO UPDATE SET name = EXCLUDED.name, active = true;
INSERT INTO "Agent" (id, name, "agentCode", "campaignId", active, "createdAt") VALUES ('c0b781e5b2f43455abe72c8e', 'Miguel Alberto Delance Mendoza', '1231', 'c2527363c5147f5e118c1993', true, NOW()) ON CONFLICT ("agentCode", "campaignId") DO UPDATE SET name = EXCLUDED.name, active = true;
INSERT INTO "Agent" (id, name, "agentCode", "campaignId", active, "createdAt") VALUES ('c9455c11638394afbaae2bf7', 'Miguel Angel Palmar Perez', '1233', 'cf6b31bf3dab60eea29474ae', true, NOW()) ON CONFLICT ("agentCode", "campaignId") DO UPDATE SET name = EXCLUDED.name, active = true;
INSERT INTO "Agent" (id, name, "agentCode", "campaignId", active, "createdAt") VALUES ('c44cd98001df2479aa92f9b8', 'Miguel Moisés Turby Paulino', '3733', 'c9d6e5bb2272dad5bbc80600', true, NOW()) ON CONFLICT ("agentCode", "campaignId") DO UPDATE SET name = EXCLUDED.name, active = true;
INSERT INTO "Agent" (id, name, "agentCode", "campaignId", active, "createdAt") VALUES ('c25b8375f5fb44efb89c0bf7', 'Miguel Ricardo Cabreja Valerio', '3706', 'cd0044fe22b2c7fafd98a7e9', true, NOW()) ON CONFLICT ("agentCode", "campaignId") DO UPDATE SET name = EXCLUDED.name, active = true;
INSERT INTO "Agent" (id, name, "agentCode", "campaignId", active, "createdAt") VALUES ('c731b5653c0b44d158b081e0', 'Miguel Ángel Caraballo Reyes', '1232', 'cf6b31bf3dab60eea29474ae', true, NOW()) ON CONFLICT ("agentCode", "campaignId") DO UPDATE SET name = EXCLUDED.name, active = true;
INSERT INTO "Agent" (id, name, "agentCode", "campaignId", active, "createdAt") VALUES ('c87da1461c29e4db1ad0e3f9', 'Natanael Belilla Martínez', '3729', 'c9d6e5bb2272dad5bbc80600', true, NOW()) ON CONFLICT ("agentCode", "campaignId") DO UPDATE SET name = EXCLUDED.name, active = true;
INSERT INTO "Agent" (id, name, "agentCode", "campaignId", active, "createdAt") VALUES ('cc80d7abe2f3d46d7bdf7127', 'Nathaly Esel Perez Espinal', '1250', 'cbe7449860ea43103caf4942', true, NOW()) ON CONFLICT ("agentCode", "campaignId") DO UPDATE SET name = EXCLUDED.name, active = true;
INSERT INTO "Agent" (id, name, "agentCode", "campaignId", active, "createdAt") VALUES ('c5303d5f2dedd42aa911084b', 'Nicolas Escobar', '1257', 'c8d09c4d06897ae9e82cafc9', true, NOW()) ON CONFLICT ("agentCode", "campaignId") DO UPDATE SET name = EXCLUDED.name, active = true;
INSERT INTO "Agent" (id, name, "agentCode", "campaignId", active, "createdAt") VALUES ('c98e0695714c6420ba5ded19', 'Nicolas Fabian Lauria Villar', '1258', 'cca55bb1678d982a3f1b7458', true, NOW()) ON CONFLICT ("agentCode", "campaignId") DO UPDATE SET name = EXCLUDED.name, active = true;
INSERT INTO "Agent" (id, name, "agentCode", "campaignId", active, "createdAt") VALUES ('c3ddb2fb167ba413ca59a4f3', 'Nicole Echavarria Morales', '1261', 'c9d6e5bb2272dad5bbc80600', true, NOW()) ON CONFLICT ("agentCode", "campaignId") DO UPDATE SET name = EXCLUDED.name, active = true;
INSERT INTO "Agent" (id, name, "agentCode", "campaignId", active, "createdAt") VALUES ('c8200e2828a384b0990e132b', 'Oliver Alexander Pascual Hernandez', '1268', 'c852a2d6839b358eed81268a', true, NOW()) ON CONFLICT ("agentCode", "campaignId") DO UPDATE SET name = EXCLUDED.name, active = true;
INSERT INTO "Agent" (id, name, "agentCode", "campaignId", active, "createdAt") VALUES ('cf54347f05c534b63a4f605f', 'Oscar Enrique Martinez', '1274', 'c9d6e5bb2272dad5bbc80600', true, NOW()) ON CONFLICT ("agentCode", "campaignId") DO UPDATE SET name = EXCLUDED.name, active = true;
INSERT INTO "Agent" (id, name, "agentCode", "campaignId", active, "createdAt") VALUES ('cb8cfa3cca23343cc81105f9', 'Osiris Anael Cruz Ceballo', '1277', 'c2527363c5147f5e118c1993', true, NOW()) ON CONFLICT ("agentCode", "campaignId") DO UPDATE SET name = EXCLUDED.name, active = true;
INSERT INTO "Agent" (id, name, "agentCode", "campaignId", active, "createdAt") VALUES ('c41ceccae2ffa40e68e65836', 'Osse Jean Jacques', '1572', 'c2527363c5147f5e118c1993', true, NOW()) ON CONFLICT ("agentCode", "campaignId") DO UPDATE SET name = EXCLUDED.name, active = true;
INSERT INTO "Agent" (id, name, "agentCode", "campaignId", active, "createdAt") VALUES ('c32e582582b244b5e81e8b81', 'Pablo Brun Arocena', '1457', 'c6fbd410907fc4cf0823e7ad', true, NOW()) ON CONFLICT ("agentCode", "campaignId") DO UPDATE SET name = EXCLUDED.name, active = true;
INSERT INTO "Agent" (id, name, "agentCode", "campaignId", active, "createdAt") VALUES ('cfe5479bfd5984731b8edb1a', 'Pablo Miguel Santiago Garcia', '1280', 'cf6b31bf3dab60eea29474ae', true, NOW()) ON CONFLICT ("agentCode", "campaignId") DO UPDATE SET name = EXCLUDED.name, active = true;
INSERT INTO "Agent" (id, name, "agentCode", "campaignId", active, "createdAt") VALUES ('c92461127fa46440aa19a935', 'Pablo Rafael Vasquez Sanchez', '1282', 'c034be94733415b40a0cbb97', true, NOW()) ON CONFLICT ("agentCode", "campaignId") DO UPDATE SET name = EXCLUDED.name, active = true;
INSERT INTO "Agent" (id, name, "agentCode", "campaignId", active, "createdAt") VALUES ('c603c2c7d7bcf434b9a06eb0', 'Paloma de los Angeles Hilario García', '1284', 'c777e8baf5091dabe937c9bf', true, NOW()) ON CONFLICT ("agentCode", "campaignId") DO UPDATE SET name = EXCLUDED.name, active = true;
INSERT INTO "Agent" (id, name, "agentCode", "campaignId", active, "createdAt") VALUES ('ce6600991444d420abaf215c', 'Paola Perez Garcia', '1287', 'c083431c1078c2949726fbd0', true, NOW()) ON CONFLICT ("agentCode", "campaignId") DO UPDATE SET name = EXCLUDED.name, active = true;
INSERT INTO "Agent" (id, name, "agentCode", "campaignId", active, "createdAt") VALUES ('c35874d49c8b64245b1bd7e5', 'Pedjean Esther Constantin', '1676', 'c35463777450b559db35de72', true, NOW()) ON CONFLICT ("agentCode", "campaignId") DO UPDATE SET name = EXCLUDED.name, active = true;
INSERT INTO "Agent" (id, name, "agentCode", "campaignId", active, "createdAt") VALUES ('c18de166a7ba14505b05c8a4', 'Pedro Manuel Luzon Reyes', '1295', 'cca55bb1678d982a3f1b7458', true, NOW()) ON CONFLICT ("agentCode", "campaignId") DO UPDATE SET name = EXCLUDED.name, active = true;
INSERT INTO "Agent" (id, name, "agentCode", "campaignId", active, "createdAt") VALUES ('cd50342d6e0e942f79cb4e2a', 'Pricila Estefany Almanzar Quiñones', '1297', 'cf6b31bf3dab60eea29474ae', true, NOW()) ON CONFLICT ("agentCode", "campaignId") DO UPDATE SET name = EXCLUDED.name, active = true;
INSERT INTO "Agent" (id, name, "agentCode", "campaignId", active, "createdAt") VALUES ('c6170683eb8a840cb8e77531', 'Randy Joel Tapia Adames', '1307', 'c9d6e5bb2272dad5bbc80600', true, NOW()) ON CONFLICT ("agentCode", "campaignId") DO UPDATE SET name = EXCLUDED.name, active = true;
INSERT INTO "Agent" (id, name, "agentCode", "campaignId", active, "createdAt") VALUES ('cec2491f357954711b79103f', 'Raquel Rosario de Beltre', '1310', 'cca55bb1678d982a3f1b7458', true, NOW()) ON CONFLICT ("agentCode", "campaignId") DO UPDATE SET name = EXCLUDED.name, active = true;
INSERT INTO "Agent" (id, name, "agentCode", "campaignId", active, "createdAt") VALUES ('c6eee9704f43c451bbd7dadd', 'Richell Indiana Cuevas Veras', '1317', 'cca55bb1678d982a3f1b7458', true, NOW()) ON CONFLICT ("agentCode", "campaignId") DO UPDATE SET name = EXCLUDED.name, active = true;
INSERT INTO "Agent" (id, name, "agentCode", "campaignId", active, "createdAt") VALUES ('ce9aede9f9bda4b3aa8c83f6', 'Robert David Guerra Moncada', '3763', 'c9d6e5bb2272dad5bbc80600', true, NOW()) ON CONFLICT ("agentCode", "campaignId") DO UPDATE SET name = EXCLUDED.name, active = true;
INSERT INTO "Agent" (id, name, "agentCode", "campaignId", active, "createdAt") VALUES ('c949bebdf41e140199d0e282', 'Roberto Angel Domínguez Mejía', '1642', 'c852a2d6839b358eed81268a', true, NOW()) ON CONFLICT ("agentCode", "campaignId") DO UPDATE SET name = EXCLUDED.name, active = true;
INSERT INTO "Agent" (id, name, "agentCode", "campaignId", active, "createdAt") VALUES ('cf53aa87960ab4bd1852c0cb', 'Roberto Antonio Romero Liranzo', '1323', 'cd2c366d694f8385bf411177', true, NOW()) ON CONFLICT ("agentCode", "campaignId") DO UPDATE SET name = EXCLUDED.name, active = true;
INSERT INTO "Agent" (id, name, "agentCode", "campaignId", active, "createdAt") VALUES ('c14b40b1229254ed387f2d6f', 'Ronny Estevez Peña', '1329', 'c083431c1078c2949726fbd0', true, NOW()) ON CONFLICT ("agentCode", "campaignId") DO UPDATE SET name = EXCLUDED.name, active = true;
INSERT INTO "Agent" (id, name, "agentCode", "campaignId", active, "createdAt") VALUES ('c32891e7f0d804d48a3fa981', 'Rosanyely Veras Diaz', '1333', 'cbe7449860ea43103caf4942', true, NOW()) ON CONFLICT ("agentCode", "campaignId") DO UPDATE SET name = EXCLUDED.name, active = true;
INSERT INTO "Agent" (id, name, "agentCode", "campaignId", active, "createdAt") VALUES ('cc354fe10061648979e45e0a', 'Rozanne Isabelle Schekinah Lohier', '3756', 'c456112511c8fbfe587f20d2', true, NOW()) ON CONFLICT ("agentCode", "campaignId") DO UPDATE SET name = EXCLUDED.name, active = true;
INSERT INTO "Agent" (id, name, "agentCode", "campaignId", active, "createdAt") VALUES ('c0f88fb2ea44845a7a429fcc', 'Ruddy Ozoria Castro', '1340', 'c9d6e5bb2272dad5bbc80600', true, NOW()) ON CONFLICT ("agentCode", "campaignId") DO UPDATE SET name = EXCLUDED.name, active = true;
INSERT INTO "Agent" (id, name, "agentCode", "campaignId", active, "createdAt") VALUES ('cb4c1ba79bda746ff958eb31', 'Sabline Jean Baptiste', '1341', 'c2527363c5147f5e118c1993', true, NOW()) ON CONFLICT ("agentCode", "campaignId") DO UPDATE SET name = EXCLUDED.name, active = true;
INSERT INTO "Agent" (id, name, "agentCode", "campaignId", active, "createdAt") VALUES ('c2c19d4efa68a45e5961fb56', 'Sahony Masiel Fermin Acosta', '1343', 'cf9dd9353e219e4af76f6461', true, NOW()) ON CONFLICT ("agentCode", "campaignId") DO UPDATE SET name = EXCLUDED.name, active = true;
INSERT INTO "Agent" (id, name, "agentCode", "campaignId", active, "createdAt") VALUES ('cf406f2cbd14e40cb909d5e7', 'Sandra Alejandra Duarte', '1349', 'cca55bb1678d982a3f1b7458', true, NOW()) ON CONFLICT ("agentCode", "campaignId") DO UPDATE SET name = EXCLUDED.name, active = true;
INSERT INTO "Agent" (id, name, "agentCode", "campaignId", active, "createdAt") VALUES ('cbfcad769b42b417ba34e514', 'Scarlin Noemí Morán Abréu', '1640', 'cb0961ab1552a2bcfc88c129', true, NOW()) ON CONFLICT ("agentCode", "campaignId") DO UPDATE SET name = EXCLUDED.name, active = true;
INSERT INTO "Agent" (id, name, "agentCode", "campaignId", active, "createdAt") VALUES ('c9d13d2da0b834c72be230ea', 'Sergio Galeano', '1356', 'c852a2d6839b358eed81268a', true, NOW()) ON CONFLICT ("agentCode", "campaignId") DO UPDATE SET name = EXCLUDED.name, active = true;
INSERT INTO "Agent" (id, name, "agentCode", "campaignId", active, "createdAt") VALUES ('c816ecb0e33c840a8893a1d6', 'Shansin Rivera', '1562', 'cd0044fe22b2c7fafd98a7e9', true, NOW()) ON CONFLICT ("agentCode", "campaignId") DO UPDATE SET name = EXCLUDED.name, active = true;
INSERT INTO "Agent" (id, name, "agentCode", "campaignId", active, "createdAt") VALUES ('ce7839a804959445bb840f56', 'Sofia Alejandra De la Villa', '1364', 'c9d6e5bb2272dad5bbc80600', true, NOW()) ON CONFLICT ("agentCode", "campaignId") DO UPDATE SET name = EXCLUDED.name, active = true;
INSERT INTO "Agent" (id, name, "agentCode", "campaignId", active, "createdAt") VALUES ('c8864fac8b7434005b5667d5', 'Stanley Antoine Romelus', '1541', 'c2527363c5147f5e118c1993', true, NOW()) ON CONFLICT ("agentCode", "campaignId") DO UPDATE SET name = EXCLUDED.name, active = true;
INSERT INTO "Agent" (id, name, "agentCode", "campaignId", active, "createdAt") VALUES ('cddf90cbda16f46be960cdeb', 'Steven Rafael Ramos Cabrera', '1375', 'c083431c1078c2949726fbd0', true, NOW()) ON CONFLICT ("agentCode", "campaignId") DO UPDATE SET name = EXCLUDED.name, active = true;
INSERT INTO "Agent" (id, name, "agentCode", "campaignId", active, "createdAt") VALUES ('cc7c5e90f08d54344847ade3', 'Stherlyne Ketty Nisha Frederic', '1377', 'c2527363c5147f5e118c1993', true, NOW()) ON CONFLICT ("agentCode", "campaignId") DO UPDATE SET name = EXCLUDED.name, active = true;
INSERT INTO "Agent" (id, name, "agentCode", "campaignId", active, "createdAt") VALUES ('c82d7d4fd286142dab7d550a', 'Suleika Santana De Septimo', '1378', 'cd2c366d694f8385bf411177', true, NOW()) ON CONFLICT ("agentCode", "campaignId") DO UPDATE SET name = EXCLUDED.name, active = true;
INSERT INTO "Agent" (id, name, "agentCode", "campaignId", active, "createdAt") VALUES ('c8520dc4bf0ca48c1b6d8142', 'Tania Judelka Martinez Severino', '1382', 'c73b89ba8c89ab4ea7814bef', true, NOW()) ON CONFLICT ("agentCode", "campaignId") DO UPDATE SET name = EXCLUDED.name, active = true;
INSERT INTO "Agent" (id, name, "agentCode", "campaignId", active, "createdAt") VALUES ('cbb421cc1c5824d7ab16fba0', 'Ulrick Evariste', '1387', 'c2527363c5147f5e118c1993', true, NOW()) ON CONFLICT ("agentCode", "campaignId") DO UPDATE SET name = EXCLUDED.name, active = true;
INSERT INTO "Agent" (id, name, "agentCode", "campaignId", active, "createdAt") VALUES ('cb05a0b244d3444ea902ae5f', 'Veronica Checo Rodriguez', '1392', 'c083431c1078c2949726fbd0', true, NOW()) ON CONFLICT ("agentCode", "campaignId") DO UPDATE SET name = EXCLUDED.name, active = true;
INSERT INTO "Agent" (id, name, "agentCode", "campaignId", active, "createdAt") VALUES ('ca96ab7436c79424cbb7a8c0', 'Vianka Maria Espinal Fortuna', '1393', 'c083431c1078c2949726fbd0', true, NOW()) ON CONFLICT ("agentCode", "campaignId") DO UPDATE SET name = EXCLUDED.name, active = true;
INSERT INTO "Agent" (id, name, "agentCode", "campaignId", active, "createdAt") VALUES ('ca99ccc4cde6e408f8309ecf', 'Victor Manuel Pereyra Perez', '1395', 'cd2c366d694f8385bf411177', true, NOW()) ON CONFLICT ("agentCode", "campaignId") DO UPDATE SET name = EXCLUDED.name, active = true;
INSERT INTO "Agent" (id, name, "agentCode", "campaignId", active, "createdAt") VALUES ('c277389ac0a4244ffbf91e6e', 'Wendy Luciano Sánchez', '1402', 'c083431c1078c2949726fbd0', true, NOW()) ON CONFLICT ("agentCode", "campaignId") DO UPDATE SET name = EXCLUDED.name, active = true;
INSERT INTO "Agent" (id, name, "agentCode", "campaignId", active, "createdAt") VALUES ('c83d243f911a64232aa027b0', 'Willy Hiraldo Veras', '3727', 'c852a2d6839b358eed81268a', true, NOW()) ON CONFLICT ("agentCode", "campaignId") DO UPDATE SET name = EXCLUDED.name, active = true;
INSERT INTO "Agent" (id, name, "agentCode", "campaignId", active, "createdAt") VALUES ('c1cc2369c1e7b40c98bcea3d', 'Yakairy Susana Taveras Gonzalez', '1413', 'c083431c1078c2949726fbd0', true, NOW()) ON CONFLICT ("agentCode", "campaignId") DO UPDATE SET name = EXCLUDED.name, active = true;
INSERT INTO "Agent" (id, name, "agentCode", "campaignId", active, "createdAt") VALUES ('c0125d82d047d41ca9f4a0fd', 'Yamibell Karina Cruz Inoa', '3721', 'cf6b31bf3dab60eea29474ae', true, NOW()) ON CONFLICT ("agentCode", "campaignId") DO UPDATE SET name = EXCLUDED.name, active = true;
INSERT INTO "Agent" (id, name, "agentCode", "campaignId", active, "createdAt") VALUES ('cbd05b5b86f80422c95f912b', 'Yanilsa Nuñez Vargas', '1417', 'cca55bb1678d982a3f1b7458', true, NOW()) ON CONFLICT ("agentCode", "campaignId") DO UPDATE SET name = EXCLUDED.name, active = true;
INSERT INTO "Agent" (id, name, "agentCode", "campaignId", active, "createdAt") VALUES ('ca3f16951bbd04aa28ea87b6', 'Yeison Ricardo Paulino De La Cruz', '3719', 'cf6b31bf3dab60eea29474ae', true, NOW()) ON CONFLICT ("agentCode", "campaignId") DO UPDATE SET name = EXCLUDED.name, active = true;
INSERT INTO "Agent" (id, name, "agentCode", "campaignId", active, "createdAt") VALUES ('cbca18f82dc8946799e0d447', 'Yohanny Tapia Garcia', '1422', 'c034be94733415b40a0cbb97', true, NOW()) ON CONFLICT ("agentCode", "campaignId") DO UPDATE SET name = EXCLUDED.name, active = true;
INSERT INTO "Agent" (id, name, "agentCode", "campaignId", active, "createdAt") VALUES ('c3104f918c4774fe9aaea4e0', 'Ysmenia Maria García Concepcion', '1430', 'c083431c1078c2949726fbd0', true, NOW()) ON CONFLICT ("agentCode", "campaignId") DO UPDATE SET name = EXCLUDED.name, active = true;
INSERT INTO "Agent" (id, name, "agentCode", "campaignId", active, "createdAt") VALUES ('cd713545fc60946e59a1b6d6', 'Yulisa Rodriguez Paez', '1432', 'c083431c1078c2949726fbd0', true, NOW()) ON CONFLICT ("agentCode", "campaignId") DO UPDATE SET name = EXCLUDED.name, active = true;
INSERT INTO "Agent" (id, name, "agentCode", "campaignId", active, "createdAt") VALUES ('c61dbf70e11404e2d9b2ccf7', 'Zuleyka María Suriel Martínez', '1438', 'cf9dd9353e219e4af76f6461', true, NOW()) ON CONFLICT ("agentCode", "campaignId") DO UPDATE SET name = EXCLUDED.name, active = true;

COMMIT;
